case,nz,method,load_s,mpi_part_s,gpu_filter_s,gather_s,region_grow_s,write_s,eval_s,other_s,total_s,dice,pred_voxels,gt_voxels
100,516,v8,0.165,0.871,1.109,0.188,0.982,0.422,0.290,0.142,4.170,0.7851,317778,423992
101,845,v8,0.259,1.383,1.373,0.323,1.697,0.687,0.402,0.107,6.230,0.6064,356940,312181
102,671,v8,0.200,1.140,1.261,0.253,1.271,0.549,0.331,0.161,5.167,0.5361,544404,355747
103,873,v8,0.271,1.435,1.501,0.333,1.932,0.708,0.412,0.112,6.704,0.4508,480596,358774
104,751,v8,0.233,1.248,1.215,0.290,1.394,0.611,0.348,0.110,5.449,0.7252,245388,357709
105,888,v8,0.278,1.465,1.506,0.334,1.625,0.717,0.425,0.077,6.427,0.7425,205475,316930
106,636,v8,0.203,1.106,1.143,0.244,1.385,0.522,0.321,0.091,5.014,0.5332,392333,386096
107,782,v8,0.241,1.263,1.331,0.299,1.478,0.641,0.359,0.155,5.768,0.3266,508451,249119
108,815,v8,0.258,1.342,1.405,0.309,1.484,0.659,0.369,0.286,6.112,0.6064,125867,274337
109,836,v8,0.240,1.405,1.280,0.314,1.537,0.677,0.385,0.186,6.024,0.7463,176686,287027
110,945,v8,0.295,1.518,1.384,0.362,1.856,0.762,0.421,0.148,6.746,0.7329,189075,292288
111,884,v8,0.270,1.432,1.443,0.346,1.727,0.714,0.416,0.108,6.456,0.7925,254185,339448
112,752,v8,0.234,1.288,1.209,0.289,1.381,0.608,0.347,0.137,5.494,0.7332,169919,266092
113,565,v8,0.176,0.994,1.051,0.215,1.060,0.459,0.263,0.086,4.305,0.7756,154519,227619
114,780,v8,0.240,1.302,1.367,0.296,1.416,0.628,0.349,0.119,5.718,0.5707,86472,206873
115,785,v8,0.219,1.263,1.157,0.303,1.466,0.638,0.382,0.226,5.653,0.7405,409048,502652
116,675,v8,0.206,1.139,1.092,0.254,1.244,0.546,0.332,0.192,5.005,0.7296,230905,337779
117,780,v8,0.246,1.264,1.283,0.295,1.443,0.630,0.345,0.080,5.586,0.7605,158444,220530
118,850,v8,0.288,1.389,1.245,0.323,1.630,0.688,0.379,0.237,6.180,0.5300,270843,196330
119,922,v8,0.281,1.458,1.418,0.348,1.719,0.746,0.436,0.225,6.631,0.6800,178946,316882
120,859,v8,0.268,1.406,1.273,0.326,1.894,0.699,0.393,0.111,6.369,0.4412,466692,312423
121,836,v8,0.266,1.408,1.296,0.330,1.996,0.707,0.384,0.195,6.583,0.2057,1794213,293313
122,591,v8,0.216,0.990,0.952,0.229,1.062,0.478,0.279,0.238,4.444,0.7950,176009,226022
123,796,v8,0.251,1.324,1.159,0.306,1.519,0.643,0.370,0.099,5.673,0.7397,194481,273089
124,723,v8,0.216,1.212,1.109,0.279,2.396,0.605,0.315,0.186,6.317,0.1729,494251,134804
136,383,v8,0.131,0.666,0.934,0.144,0.744,0.318,0.216,0.144,3.297,0.7730,464520,396190
137,659,v8,0.198,1.113,1.098,0.246,1.234,0.535,0.361,0.174,4.959,0.8477,397565,527162
138,428,v8,0.139,0.770,0.956,0.162,0.776,0.348,0.218,0.110,3.479,0.8187,166949,228803
139,339,v8,0.109,0.621,0.749,0.124,0.629,0.278,0.170,0.166,2.846,0.6843,107992,163737
140,547,v8,0.167,0.946,1.017,0.201,0.986,0.444,0.287,0.263,4.312,0.7672,177569,275915
141,611,v8,0.194,1.018,1.071,0.231,1.195,0.496,0.305,0.187,4.697,0.8562,262951,306773
142,671,v8,0.212,1.118,1.139,0.263,1.244,0.545,0.355,0.247,5.125,0.7754,401392,472511
143,625,v8,0.226,1.064,1.009,0.249,1.197,0.508,0.364,0.171,4.788,0.7417,395585,609964
144,622,v8,0.199,1.110,1.042,0.243,1.133,0.507,0.307,0.160,4.700,0.4367,562606,270937
145,146,v8,0.058,0.372,0.626,0.045,0.273,0.128,0.057,0.158,1.716,0.6704,23350,45240
146,356,v8,0.105,0.649,0.800,0.139,0.660,0.295,0.191,0.162,3.001,0.7588,215267,206259
147,147,v8,0.041,0.404,0.642,0.044,0.278,0.122,0.062,0.142,1.734,0.7657,41422,64721
148,681,v8,0.211,1.151,1.285,0.274,1.222,0.546,0.288,0.029,5.007,0.3660,27582,121280
149,431,v8,0.148,0.805,0.907,0.160,0.766,0.351,0.209,0.143,3.489,0.7296,90058,147625
150,610,v8,0.189,1.038,1.032,0.224,1.143,0.498,0.336,0.101,4.561,0.7609,450542,431214
151,622,v8,0.190,1.020,1.253,0.235,1.158,0.510,0.338,0.161,4.866,0.8176,450283,517627
152,552,v8,0.177,0.963,1.072,0.216,0.972,0.444,0.244,0.246,4.333,0.7276,62333,106252
153,400,v8,0.129,0.731,0.926,0.163,0.727,0.327,0.202,0.063,3.269,0.8743,190806,215929
154,617,v8,0.197,1.013,1.002,0.236,1.108,0.499,0.311,0.122,4.487,0.7645,176301,277447
155,439,v8,0.135,0.835,1.068,0.169,0.795,0.356,0.220,0.107,3.686,0.7118,171827,265428
156,476,v8,0.149,0.821,0.995,0.179,0.855,0.388,0.235,0.197,3.819,0.6829,84564,152065
157,354,v8,0.110,0.691,0.751,0.139,0.647,0.288,0.199,0.145,2.970,0.8086,162443,214974
158,424,v8,0.331,1.613,1.548,0.360,1.673,0.768,0.435,0.090,6.818,0.5259,160166,409715
159,393,v8,0.123,0.695,0.951,0.148,0.705,0.317,0.190,0.124,3.254,0.6510,53057,109601
160,602,v8,0.173,1.042,1.042,0.234,1.085,0.487,0.285,0.139,4.486,0.7149,130384,209090
161,805,v8,0.249,1.358,1.225,0.315,1.479,0.652,0.427,0.188,5.893,0.7345,213332,347715
162,518,v8,0.163,0.869,0.944,0.193,0.953,0.421,0.254,0.220,4.017,0.4012,180668,242122
163,677,v8,0.215,1.126,1.115,0.265,1.249,0.550,0.339,0.196,5.056,0.8038,283022,312006
164,521,v8,0.152,0.867,0.987,0.187,0.953,0.422,0.251,0.221,4.039,0.8181,186365,217439
165,421,v8,0.132,0.777,0.866,0.162,0.807,0.346,0.207,0.169,3.466,0.3393,467170,218808
166,512,v8,0.158,0.884,1.003,0.187,0.976,0.424,0.307,0.078,4.017,0.7971,469684,544599
167,686,v8,0.216,1.146,1.040,0.267,1.273,0.557,0.352,0.254,5.105,0.8498,253916,319788
168,512,v8,0.197,0.903,0.943,0.188,0.904,0.411,0.208,0.166,3.922,0.3008,24446,36234
169,642,v8,0.200,1.061,1.032,0.241,1.196,0.523,0.277,0.249,4.780,0.5395,195115,116106
170,697,v8,0.214,1.193,1.207,0.267,1.274,0.566,0.330,0.158,5.209,0.7915,274726,310947
171,674,v8,0.222,1.157,1.051,0.253,1.206,0.542,0.298,0.103,4.832,0.7908,93567,139451
30,749,v8,0.248,1.268,1.201,0.278,1.465,0.634,0.359,0.173,5.626,0.2555,1518299,290041
31,845,v8,0.277,1.394,1.238,0.321,1.570,0.681,0.393,0.118,5.992,0.8070,281953,312345
32,399,v8,0.129,0.694,0.932,0.150,0.806,0.330,0.215,0.217,3.473,0.4012,404651,185943
33,254,v8,0.093,0.486,0.717,0.094,0.558,0.220,0.075,0.162,2.404,0.3950,574072,213374
34,456,v8,0.146,0.787,1.042,0.162,0.828,0.371,0.217,0.140,3.692,0.7832,217163,187738
36,746,v8,0.232,1.247,1.140,0.284,1.422,0.602,0.356,0.181,5.464,0.8272,252222,351148
37,397,v8,0.131,0.711,0.797,0.141,0.739,0.324,0.198,0.139,3.179,0.8115,182225,181444
38,417,v8,0.140,0.764,0.883,0.156,0.771,0.339,0.218,0.240,3.510,0.8618,204822,256030
39,595,v8,0.173,1.015,0.983,0.223,1.090,0.480,0.259,0.168,4.392,0.7144,115200,121297
40,634,v8,0.206,1.029,0.996,0.243,1.153,0.512,0.325,0.180,4.643,0.8106,225583,325288
41,697,v8,0.217,1.186,1.147,0.264,1.455,0.568,0.326,0.153,5.316,0.5666,304403,221007
42,319,v8,0.098,0.620,0.779,0.118,0.601,0.261,0.169,0.213,2.858,0.8620,187399,214514
43,563,v8,0.174,0.974,0.901,0.214,1.064,0.467,0.326,0.133,4.252,0.8178,265908,339011
44,308,v8,0.093,0.610,0.758,0.117,0.565,0.250,0.166,0.134,2.692,0.7014,60432,90886
45,372,v8,0.144,0.676,0.911,0.135,0.709,0.306,0.184,0.152,3.217,0.3398,392754,163115
47,947,v8,0.294,1.515,1.242,0.359,1.754,0.765,0.484,0.184,6.595,0.8046,304019,439788
49,664,v8,0.201,1.140,1.101,0.250,1.359,0.537,0.322,0.080,4.991,0.5323,189721,305701
50,697,v8,0.206,1.191,1.018,0.254,1.285,0.565,0.351,0.272,5.142,0.8365,255910,330150
52,461,v8,0.153,0.842,0.968,0.173,0.845,0.375,0.232,0.211,3.798,0.8113,157278,225950
53,686,v8,0.201,1.200,1.077,0.258,1.225,0.552,0.317,0.134,4.965,0.7392,106542,179885
54,431,v8,0.130,0.800,0.915,0.163,0.851,0.349,0.243,0.267,3.719,0.7896,311942,464687
55,344,v8,0.111,0.673,0.722,0.128,0.627,0.279,0.174,0.227,2.942,0.8001,97814,135962
60,503,v8,0.154,0.864,0.958,0.196,0.920,0.407,0.234,0.136,3.868,0.7699,99781,156385
61,526,v8,0.175,0.923,1.110,0.209,0.939,0.425,0.243,0.039,4.064,0.8102,109576,160654
62,493,v8,0.143,0.853,0.910,0.181,0.953,0.403,0.250,0.114,3.807,0.7529,292058,304720
63,496,v8,0.480,1.777,1.639,0.427,2.056,0.899,0.487,0.124,7.890,0.7647,453043,550284
64,366,v8,0.132,0.635,0.849,0.126,0.663,0.296,0.171,0.236,3.108,0.7872,74052,110998
66,748,v8,0.239,1.259,1.250,0.285,1.347,0.602,0.353,0.149,5.485,0.5143,105386,298425
67,500,v8,0.155,0.884,0.933,0.189,0.903,0.406,0.230,0.219,3.918,0.7304,117667,169468
68,423,v8,0.124,0.794,1.024,0.157,0.779,0.345,0.214,0.099,3.536,0.8359,181647,243696
69,670,v8,0.214,1.115,0.998,0.250,1.222,0.541,0.323,0.242,4.905,0.8297,172463,233159
71,393,v8,0.130,0.674,0.826,0.132,0.737,0.318,0.194,0.140,3.152,0.7714,114991,143771
72,830,v8,0.650,2.909,2.544,5.926,3.258,1.491,0.793,1.985,19.557,0.3583,133252,555305
73,746,v8,0.227,1.199,1.216,0.282,1.377,0.603,0.356,0.196,5.455,0.7693,198517,293234
74,515,v8,0.157,0.878,0.874,0.198,0.972,0.418,0.266,0.133,3.897,0.7419,288617,330674
75,622,v8,0.180,1.071,1.108,0.229,1.090,0.502,0.277,0.170,4.627,0.6884,78650,149804
76,379,v8,0.129,0.639,0.858,0.146,0.694,0.306,0.175,0.206,3.154,0.8619,61355,81021
77,567,v8,0.173,1.002,1.072,0.218,1.023,0.457,0.262,0.079,4.287,0.7713,129583,198781
78,357,v8,0.126,0.717,0.884,0.135,0.648,0.289,0.181,0.076,3.057,0.7243,65028,114522
79,746,v8,0.232,1.232,1.198,0.286,1.345,0.600,0.304,0.195,5.392,0.6640,46651,93344
80,456,v8,0.139,0.817,1.057,0.175,0.856,0.375,0.266,0.064,3.750,0.7654,370151,339826
81,756,v8,0.591,2.647,2.122,0.646,3.062,1.371,0.782,0.343,11.565,0.8022,690160,822504
82,399,v8,0.134,0.735,0.899,0.146,1.255,0.322,0.191,0.250,3.932,0.6154,64535,145046
83,749,v8,0.230,1.222,1.194,0.297,1.362,0.604,0.335,0.110,5.354,0.6832,91585,171055
84,543,v8,0.168,0.953,1.219,0.220,0.992,0.442,0.267,0.040,4.300,0.8518,209496,274646
85,724,v8,0.228,1.199,1.274,0.303,1.340,0.597,0.368,0.074,5.383,0.7800,260043,390449
87,564,v8,0.174,0.994,1.100,0.212,1.043,0.459,0.277,0.083,4.343,0.7709,227479,281257
88,599,v8,0.184,1.020,1.086,0.228,1.097,0.488,0.298,0.182,4.583,0.7996,160656,230469
89,612,v8,0.185,1.079,0.977,0.233,1.094,0.495,0.314,0.192,4.570,0.5923,134717,315296
90,545,v8,0.157,0.932,0.956,0.210,0.976,0.443,0.266,0.169,4.109,0.7634,145305,203897
91,177,v8,0.067,0.439,0.702,0.062,0.330,0.145,0.066,0.210,2.021,0.8110,78657,105341
92,542,v8,0.153,0.944,1.078,0.206,0.991,0.440,0.246,0.172,4.230,0.8337,126361,150805
93,794,v8,0.242,1.283,1.397,0.309,1.423,0.640,0.365,0.141,5.799,0.5721,92823,224208
94,377,v8,0.127,0.679,0.942,0.142,0.694,0.306,0.194,0.268,3.351,0.8097,122649,180178
95,463,v8,0.150,0.809,0.907,0.173,0.873,0.381,0.132,0.184,3.609,0.7122,310283,429906
96,496,v8,0.144,0.907,0.980,0.185,1.003,0.408,0.246,0.105,3.978,0.6412,109853,219941
97,833,v8,0.250,1.397,1.349,0.317,1.585,0.680,0.440,0.158,6.176,0.6940,441953,572731
98,459,v8,0.146,0.814,1.017,0.171,0.845,0.375,0.230,0.176,3.774,0.8205,180158,253605
99,357,v8,0.115,0.681,0.804,0.136,0.669,0.292,0.197,0.201,3.095,0.7913,145949,206011
